MaintenanceID ,Type,ApartmentID,,
1000,HVAC Repairs,2371,,
1001,leaks and water damage,3624,,
1002,Appliance Repairs,3731,,
1003,Appliance Repairs,3883,,
1004,leaks and water damage,1864,,
1005,Pest control,185,,
1006,Routine Maintenance to Unit,246,,
1007,Routine Maintenance to Unit,3177,,
1008,Door or Window Locks,1997,,
1009,Pest control,174,,
1010,Pest control,3188,,
1011,leaks and water damage,439,,
1012,Pest control,1458,,
1013,Plumbing Issues,1962,,
1014,Appliance Repairs,3109,,
1015,Appliance Repairs,1700,,
1016,leaks and water damage,4385,,
1017,Pest control,4397,,
1018,Plumbing Issues,4794,,
1019,Plumbing Issues,3099,,
1020,Plumbing Issues,3515,,
1021,Plumbing Issues,3050,,
1022,Pest control,241,,
1023,Routine Maintenance to Unit,4961,,
1024,leaks and water damage,1048,,
1025,HVAC Repairs,3589,,
1026,HVAC Repairs,4535,,
1027,Door or Window Locks,4368,,
1028,Pest control,3036,,
1029,Door or Window Locks,4415,,
1030,Door or Window Locks,2747,,
1031,leaks and water damage,4044,,
1032,Plumbing Issues,1981,,
1033,HVAC Repairs,4302,,
1034,Appliance Repairs,769,,
1035,Appliance Repairs,4417,,
1036,HVAC Repairs,4359,,
1037,Door or Window Locks,2979,,
1038,Routine Maintenance to Unit,1983,,
1039,Routine Maintenance to Unit,1555,,
1040,leaks and water damage,2755,,
1041,Door or Window Locks,655,,
1042,Routine Maintenance to Unit,2458,,
1043,leaks and water damage,3807,,
1044,Appliance Repairs,3785,,
1045,leaks and water damage,2369,,
1046,Plumbing Issues,3027,,
1047,Plumbing Issues,3787,,
1048,Appliance Repairs,4209,,
1049,Pest control,4462,,
1050,leaks and water damage,3194,,
1051,Appliance Repairs,4173,,
1052,HVAC Repairs,3357,,
1053,Plumbing Issues,727,,
1054,Routine Maintenance to Unit,4989,,
1055,Plumbing Issues,4808,,
1056,Plumbing Issues,2937,,
1057,Routine Maintenance to Unit,158,,
1058,Appliance Repairs,120,,
1059,leaks and water damage,2158,,
1060,Pest control,2147,,
1061,leaks and water damage,4209,,
1062,leaks and water damage,1354,,
1063,Pest control,2209,,
1064,Pest control,2808,,
1065,HVAC Repairs,689,,
1066,HVAC Repairs,3304,,
1067,Plumbing Issues,4428,,
1068,HVAC Repairs,2224,,
1069,HVAC Repairs,4574,,
1070,Pest control,3400,,
1071,Pest control,3894,,
1072,Plumbing Issues,1876,,
1073,Pest control,4072,,
1074,HVAC Repairs,158,,
1075,Routine Maintenance to Unit,138,,
1076,Pest control,3325,,
1077,Door or Window Locks,3324,,
1078,Appliance Repairs,430,,
1079,Door or Window Locks,660,,
1080,Routine Maintenance to Unit,4921,,
1081,leaks and water damage,2871,,
1082,Door or Window Locks,3876,,
1083,Appliance Repairs,1431,,
1084,Door or Window Locks,2519,,
1085,HVAC Repairs,1142,,
1086,Door or Window Locks,1043,,
1087,Plumbing Issues,1019,,
1088,Routine Maintenance to Unit,413,,
1089,Appliance Repairs,1675,,
1090,leaks and water damage,1142,,
1091,Door or Window Locks,3118,,
1092,Appliance Repairs,3333,,
1093,Plumbing Issues,3601,,
1094,Plumbing Issues,2634,,
1095,HVAC Repairs,2286,,
1096,Routine Maintenance to Unit,3780,,
1097,Appliance Repairs,1859,,
1098,leaks and water damage,1653,,
1099,Plumbing Issues,3213,,
1100,HVAC Repairs,3321,,
1101,Pest control,206,,
1102,HVAC Repairs,3336,,
1103,leaks and water damage,434,,
1104,Door or Window Locks,5000,,
1105,Plumbing Issues,4420,,
1106,Appliance Repairs,1860,,
1107,HVAC Repairs,4712,,
1108,Appliance Repairs,517,,
1109,Door or Window Locks,2875,,
1110,Plumbing Issues,3319,,
1111,HVAC Repairs,811,,
1112,leaks and water damage,3427,,
1113,Door or Window Locks,446,,
1114,Appliance Repairs,3822,,
1115,Plumbing Issues,2239,,
1116,Plumbing Issues,1639,,
1117,Pest control,2305,,
1118,leaks and water damage,730,,
1119,Appliance Repairs,2666,,
1120,Door or Window Locks,794,,
1121,Routine Maintenance to Unit,4164,,
1122,leaks and water damage,2055,,
1123,Pest control,473,,
1124,HVAC Repairs,3434,,
1125,Door or Window Locks,4151,,
1126,Routine Maintenance to Unit,2015,,
1127,leaks and water damage,174,,
1128,leaks and water damage,3868,,
1129,Appliance Repairs,2800,,
1130,Appliance Repairs,3743,,
1131,leaks and water damage,451,,
1132,Routine Maintenance to Unit,3288,,
1133,leaks and water damage,2657,,
1134,Appliance Repairs,4712,,
1135,HVAC Repairs,3553,,
1136,HVAC Repairs,4483,,
1137,Plumbing Issues,3753,,
1138,Appliance Repairs,2882,,
1139,Door or Window Locks,3222,,
1140,HVAC Repairs,2565,,
1141,Appliance Repairs,2050,,
1142,Door or Window Locks,3060,,
1143,Appliance Repairs,1846,,
1144,Plumbing Issues,2158,,
1145,Plumbing Issues,356,,
1146,leaks and water damage,1766,,
1147,HVAC Repairs,2385,,
1148,leaks and water damage,1104,,
1149,Plumbing Issues,2181,,
1150,Appliance Repairs,4384,,
1151,leaks and water damage,3722,,
1152,leaks and water damage,1829,,
1153,Appliance Repairs,3924,,
1154,Plumbing Issues,931,,
1155,Pest control,3215,,
1156,HVAC Repairs,808,,
1157,Appliance Repairs,4498,,
1158,HVAC Repairs,3657,,
1159,Routine Maintenance to Unit,553,,
1160,Plumbing Issues,2596,,
1161,Appliance Repairs,2070,,
1162,Appliance Repairs,4640,,
1163,Pest control,494,,
1164,Door or Window Locks,4487,,
1165,HVAC Repairs,2302,,
1166,Door or Window Locks,785,,
1167,Door or Window Locks,4490,,
1168,HVAC Repairs,3970,,
1169,Pest control,4756,,
1170,Door or Window Locks,145,,
1171,Door or Window Locks,1139,,
1172,Routine Maintenance to Unit,2512,,
1173,Appliance Repairs,2615,,
1174,Pest control,2190,,
1175,Plumbing Issues,3530,,
1176,Pest control,1667,,
1177,Routine Maintenance to Unit,1781,,
1178,Door or Window Locks,3466,,
1179,leaks and water damage,1128,,
1180,Door or Window Locks,2031,,
1181,Pest control,4511,,
1182,Door or Window Locks,368,,
1183,Pest control,290,,
1184,Door or Window Locks,1824,,
1185,HVAC Repairs,1650,,
1186,HVAC Repairs,1395,,
1187,HVAC Repairs,2730,,
1188,leaks and water damage,1897,,
1189,HVAC Repairs,3975,,
1190,Pest control,3151,,
1191,Door or Window Locks,143,,
1192,Appliance Repairs,4015,,
1193,Routine Maintenance to Unit,4065,,
1194,HVAC Repairs,255,,
1195,leaks and water damage,926,,
1196,Routine Maintenance to Unit,1689,,
1197,Routine Maintenance to Unit,374,,
1198,Door or Window Locks,104,,
1199,Door or Window Locks,524,,
1200,Routine Maintenance to Unit,577,,
1201,leaks and water damage,2192,,
1202,Pest control,1215,,
1203,Appliance Repairs,4392,,
1204,Plumbing Issues,652,,
1205,HVAC Repairs,3386,,
1206,leaks and water damage,4481,,
1207,Routine Maintenance to Unit,495,,
1208,leaks and water damage,1392,,
1209,Appliance Repairs,3197,,
1210,Routine Maintenance to Unit,1276,,
1211,leaks and water damage,5026,,
1212,leaks and water damage,2496,,
1213,Pest control,1265,,
1214,Door or Window Locks,2757,,
1215,HVAC Repairs,1864,,
1216,Appliance Repairs,199,,
1217,Plumbing Issues,4703,,
1218,HVAC Repairs,3350,,
1219,Plumbing Issues,3307,,
1220,HVAC Repairs,1588,,
1221,Appliance Repairs,1121,,
1222,Pest control,275,,
1223,HVAC Repairs,346,,
1224,HVAC Repairs,4127,,
1225,Pest control,1888,,
1226,HVAC Repairs,338,,
1227,Door or Window Locks,3419,,
1228,Plumbing Issues,2217,,
1229,Appliance Repairs,4441,,
1230,Appliance Repairs,3322,,
1231,Appliance Repairs,330,,
1232,Routine Maintenance to Unit,1369,,
1233,Plumbing Issues,178,,
1234,Appliance Repairs,1163,,
1235,Routine Maintenance to Unit,2285,,
1236,Routine Maintenance to Unit,3765,,
1237,Routine Maintenance to Unit,3281,,
1238,Appliance Repairs,2714,,
1239,Pest control,1080,,
1240,leaks and water damage,1663,,
1241,leaks and water damage,1497,,
1242,Door or Window Locks,4991,,
1243,Routine Maintenance to Unit,2024,,
1244,Door or Window Locks,2975,,
1245,Door or Window Locks,3415,,
1246,Appliance Repairs,4286,,
1247,HVAC Repairs,4831,,
1248,Routine Maintenance to Unit,4103,,
1249,Routine Maintenance to Unit,927,,
1250,Door or Window Locks,537,,
1251,Plumbing Issues,4778,,
1252,HVAC Repairs,2824,,
1253,leaks and water damage,1552,,
1254,Appliance Repairs,1821,,
1255,Plumbing Issues,125,,
1256,Pest control,424,,
1257,leaks and water damage,149,,
1258,Plumbing Issues,2426,,
1259,Routine Maintenance to Unit,2944,,
1260,Pest control,1665,,
1261,Plumbing Issues,940,,
1262,Pest control,4609,,
1263,Plumbing Issues,3028,,
1264,Plumbing Issues,2709,,
1265,HVAC Repairs,3254,,
1266,Door or Window Locks,2944,,
1267,Routine Maintenance to Unit,2770,,
1268,Plumbing Issues,1899,,
1269,Appliance Repairs,2507,,
1270,Door or Window Locks,3642,,
1271,leaks and water damage,2087,,
1272,HVAC Repairs,2770,,
1273,Door or Window Locks,3562,,
1274,Plumbing Issues,3257,,
1275,Appliance Repairs,393,,
1276,leaks and water damage,4715,,
1277,Door or Window Locks,4610,,
1278,Door or Window Locks,3954,,
1279,Plumbing Issues,3289,,
1280,Pest control,684,,
1281,Pest control,167,,
1282,HVAC Repairs,4810,,
1283,Pest control,605,,
1284,Pest control,2987,,
1285,Plumbing Issues,2507,,
1286,leaks and water damage,2011,,
1287,Appliance Repairs,3873,,
1288,Plumbing Issues,4546,,
1289,Routine Maintenance to Unit,3221,,
1290,HVAC Repairs,3374,,
1291,leaks and water damage,628,,
1292,Plumbing Issues,1359,,
1293,Plumbing Issues,2766,,
1294,Plumbing Issues,1530,,
1295,Appliance Repairs,571,,
1296,Plumbing Issues,2047,,
1297,Pest control,309,,
1298,Pest control,137,,
1299,Plumbing Issues,1658,,
1300,Routine Maintenance to Unit,3274,,
1301,leaks and water damage,2505,,
1302,Appliance Repairs,1639,,
1303,Appliance Repairs,3780,,
1304,Routine Maintenance to Unit,776,,
1305,Appliance Repairs,4424,,
1306,leaks and water damage,1234,,
1307,Pest control,4666,,
1308,Door or Window Locks,1161,,
1309,Pest control,657,,
1310,Pest control,312,,
1311,Routine Maintenance to Unit,770,,
1312,leaks and water damage,2702,,
1313,Plumbing Issues,2759,,
1314,Plumbing Issues,2740,,
1315,Door or Window Locks,242,,
1316,Door or Window Locks,4281,,
1317,Appliance Repairs,1718,,
1318,leaks and water damage,4045,,
1319,HVAC Repairs,2857,,
1320,Appliance Repairs,3668,,
1321,Appliance Repairs,410,,
1322,Door or Window Locks,3761,,
1323,Routine Maintenance to Unit,2070,,
1324,leaks and water damage,290,,
1325,Routine Maintenance to Unit,1098,,
1326,Plumbing Issues,1784,,
1327,leaks and water damage,3928,,
1328,leaks and water damage,3491,,
1329,Plumbing Issues,4237,,
1330,Plumbing Issues,1837,,
1331,HVAC Repairs,2663,,
1332,Plumbing Issues,329,,
1333,Pest control,1848,,
1334,leaks and water damage,3682,,
1335,Door or Window Locks,3703,,
1336,Routine Maintenance to Unit,1788,,
1337,HVAC Repairs,3292,,
1338,Routine Maintenance to Unit,4002,,
1339,leaks and water damage,3691,,
1340,Routine Maintenance to Unit,4356,,
1341,Door or Window Locks,2354,,
1342,HVAC Repairs,2067,,
1343,HVAC Repairs,458,,
1344,Plumbing Issues,284,,
1345,HVAC Repairs,1627,,
1346,Appliance Repairs,2052,,
1347,HVAC Repairs,1100,,
1348,HVAC Repairs,2450,,
1349,Door or Window Locks,985,,
1350,Pest control,3176,,
1351,Plumbing Issues,4708,,
1352,Plumbing Issues,1596,,
1353,Appliance Repairs,2910,,
1354,leaks and water damage,4499,,
1355,leaks and water damage,215,,
1356,Appliance Repairs,4660,,
1357,HVAC Repairs,2284,,
1358,Routine Maintenance to Unit,986,,
1359,Routine Maintenance to Unit,5095,,
1360,Door or Window Locks,1647,,
1361,HVAC Repairs,1012,,
1362,Door or Window Locks,714,,
1363,Pest control,1726,,
1364,Pest control,3361,,
1365,Plumbing Issues,2731,,
1366,Appliance Repairs,601,,
1367,HVAC Repairs,713,,
1368,HVAC Repairs,1576,,
1369,Plumbing Issues,3464,,
1370,HVAC Repairs,4424,,
1371,Door or Window Locks,1281,,
1372,Plumbing Issues,2472,,
1373,Routine Maintenance to Unit,4433,,
1374,Pest control,609,,
1375,Plumbing Issues,3238,,
1376,Door or Window Locks,2965,,
1377,Routine Maintenance to Unit,1814,,
1378,leaks and water damage,4993,,
1379,leaks and water damage,2474,,
1380,Routine Maintenance to Unit,2336,,
1381,Plumbing Issues,3907,,
1382,Routine Maintenance to Unit,1864,,
1383,Appliance Repairs,4402,,
1384,leaks and water damage,4932,,
1385,Appliance Repairs,3074,,
1386,leaks and water damage,2621,,
1387,Appliance Repairs,463,,
1388,Pest control,4377,,
1389,Routine Maintenance to Unit,1385,,
1390,Door or Window Locks,1196,,
1391,Plumbing Issues,644,,
1392,Appliance Repairs,4892,,
1393,Door or Window Locks,1312,,
1394,Routine Maintenance to Unit,1955,,
1395,Plumbing Issues,5029,,
1396,Door or Window Locks,1557,,
1397,Pest control,601,,
1398,Plumbing Issues,2096,,
1399,Plumbing Issues,2425,,
1400,leaks and water damage,4296,,
1401,Routine Maintenance to Unit,2912,,
1402,HVAC Repairs,1550,,
1403,HVAC Repairs,1601,,
1404,Door or Window Locks,422,,
1405,Door or Window Locks,4321,,
1406,Pest control,4587,,
1407,Routine Maintenance to Unit,1657,,
1408,Appliance Repairs,1778,,
1409,Pest control,2376,,
1410,leaks and water damage,3477,,
1411,Routine Maintenance to Unit,3433,,
1412,Plumbing Issues,1959,,
1413,Pest control,3795,,
1414,Routine Maintenance to Unit,1289,,
1415,HVAC Repairs,2261,,
1416,Routine Maintenance to Unit,4213,,
1417,Routine Maintenance to Unit,4360,,
1418,Routine Maintenance to Unit,412,,
1419,HVAC Repairs,3203,,
1420,Routine Maintenance to Unit,231,,
1421,Routine Maintenance to Unit,1258,,
1422,HVAC Repairs,2108,,
1423,Pest control,4357,,
1424,leaks and water damage,1540,,
1425,Plumbing Issues,1511,,
1426,Appliance Repairs,702,,
1427,Appliance Repairs,4337,,
1428,Door or Window Locks,1211,,
1429,Pest control,3725,,
1430,Door or Window Locks,2695,,
1431,Door or Window Locks,978,,
1432,Door or Window Locks,1480,,
1433,Appliance Repairs,650,,
1434,HVAC Repairs,243,,
1435,Routine Maintenance to Unit,4989,,
1436,Appliance Repairs,4149,,
1437,Appliance Repairs,766,,
1438,Routine Maintenance to Unit,4663,,
1439,Pest control,2319,,
1440,Door or Window Locks,906,,
1441,leaks and water damage,296,,
1442,Plumbing Issues,4424,,
1443,Pest control,1020,,
1444,HVAC Repairs,3292,,
1445,Routine Maintenance to Unit,3259,,
1446,Door or Window Locks,4854,,
1447,Pest control,4761,,
1448,Plumbing Issues,4077,,
1449,Pest control,1908,,
1450,Pest control,1300,,
1451,HVAC Repairs,1866,,
1452,Routine Maintenance to Unit,2097,,
1453,leaks and water damage,1230,,
1454,Door or Window Locks,2209,,
1455,Pest control,4942,,
1456,leaks and water damage,403,,
1457,Pest control,351,,
1458,Appliance Repairs,4364,,
1459,Routine Maintenance to Unit,4696,,
1460,leaks and water damage,2615,,
1461,Routine Maintenance to Unit,4377,,
1462,leaks and water damage,3574,,
1463,Door or Window Locks,995,,
1464,Pest control,800,,
1465,Door or Window Locks,4127,,
1466,Plumbing Issues,3927,,
1467,Pest control,2191,,
1468,Pest control,442,,
1469,Plumbing Issues,2457,,
1470,Routine Maintenance to Unit,1623,,
1471,Appliance Repairs,1579,,
1472,Plumbing Issues,2980,,
1473,Routine Maintenance to Unit,3136,,
1474,Routine Maintenance to Unit,433,,
1475,Pest control,504,,
1476,Routine Maintenance to Unit,3330,,
1477,Plumbing Issues,4404,,
1478,Plumbing Issues,3365,,
1479,Plumbing Issues,3345,,
1480,Plumbing Issues,111,,
1481,Plumbing Issues,3423,,
1482,Door or Window Locks,1436,,
1483,Appliance Repairs,3364,,
1484,Door or Window Locks,1086,,
1485,Appliance Repairs,4355,,
1486,HVAC Repairs,4648,,
1487,Pest control,4072,,
1488,Pest control,2030,,
1489,leaks and water damage,1029,,
1490,Appliance Repairs,3901,,
1491,Appliance Repairs,4967,,
1492,Plumbing Issues,3752,,
1493,Pest control,859,,
1494,Door or Window Locks,2592,,
1495,Plumbing Issues,2032,,
1496,Routine Maintenance to Unit,311,,
1497,HVAC Repairs,348,,
1498,Pest control,887,,
1499,Plumbing Issues,4403,,
1500,Pest control,450,,
1501,HVAC Repairs,2862,,
1502,Pest control,3132,,
1503,Plumbing Issues,5079,,
1504,Plumbing Issues,2497,,
1505,Plumbing Issues,2983,,
1506,Door or Window Locks,2711,,
1507,Door or Window Locks,3844,,
1508,Appliance Repairs,1085,,
1509,Routine Maintenance to Unit,1073,,
1510,Door or Window Locks,1021,,
1511,Routine Maintenance to Unit,3440,,
1512,Pest control,1690,,
1513,leaks and water damage,2684,,
1514,Pest control,938,,
1515,HVAC Repairs,3635,,
1516,Appliance Repairs,4691,,
1517,Pest control,1238,,
1518,Appliance Repairs,1569,,
1519,leaks and water damage,2766,,
1520,leaks and water damage,4100,,
1521,Appliance Repairs,3534,,
1522,Door or Window Locks,282,,
1523,Routine Maintenance to Unit,4985,,
1524,Pest control,2899,,
1525,leaks and water damage,3042,,
1526,Routine Maintenance to Unit,3777,,
1527,HVAC Repairs,4202,,
1528,Pest control,2850,,
1529,leaks and water damage,4481,,
1530,leaks and water damage,3504,,
1531,Plumbing Issues,2689,,
1532,Pest control,4983,,
1533,leaks and water damage,3874,,
1534,Routine Maintenance to Unit,155,,
1535,Door or Window Locks,2736,,
1536,Pest control,3861,,
1537,Plumbing Issues,2457,,
1538,Pest control,4060,,
1539,Routine Maintenance to Unit,1653,,
1540,leaks and water damage,3248,,
1541,Routine Maintenance to Unit,1041,,
1542,Plumbing Issues,4779,,
1543,leaks and water damage,2145,,
1544,Door or Window Locks,4488,,
1545,Appliance Repairs,4700,,
1546,Routine Maintenance to Unit,628,,
1547,Appliance Repairs,145,,
1548,Door or Window Locks,3653,,
1549,HVAC Repairs,1781,,
1550,Pest control,2875,,
1551,Pest control,884,,
1552,leaks and water damage,2220,,
1553,HVAC Repairs,3543,,
1554,Routine Maintenance to Unit,2696,,
1555,Routine Maintenance to Unit,4666,,
1556,HVAC Repairs,2965,,
1557,Door or Window Locks,471,,
1558,Routine Maintenance to Unit,1637,,
1559,Door or Window Locks,130,,
1560,Pest control,4256,,
1561,Plumbing Issues,1816,,
1562,leaks and water damage,1024,,
1563,Plumbing Issues,1110,,
1564,Pest control,1892,,
1565,Pest control,3669,,
1566,HVAC Repairs,3656,,
1567,HVAC Repairs,3715,,
1568,HVAC Repairs,4484,,
1569,Appliance Repairs,3667,,
1570,Plumbing Issues,2745,,
1571,Routine Maintenance to Unit,1826,,
1572,Door or Window Locks,424,,
1573,Appliance Repairs,124,,
1574,leaks and water damage,3406,,
1575,Appliance Repairs,3145,,
1576,Plumbing Issues,4684,,
1577,Appliance Repairs,1813,,
1578,leaks and water damage,861,,
1579,leaks and water damage,3493,,
1580,Routine Maintenance to Unit,5014,,
1581,leaks and water damage,247,,
1582,HVAC Repairs,2734,,
1583,Appliance Repairs,2987,,
1584,leaks and water damage,2430,,
1585,Appliance Repairs,724,,
1586,leaks and water damage,2921,,
1587,Pest control,1363,,
1588,Door or Window Locks,4606,,
1589,Routine Maintenance to Unit,2999,,
1590,leaks and water damage,2173,,
1591,HVAC Repairs,1848,,
1592,leaks and water damage,2424,,
1593,Door or Window Locks,467,,
1594,Door or Window Locks,200,,
1595,leaks and water damage,907,,
1596,Pest control,4272,,
1597,Pest control,3130,,
1598,Routine Maintenance to Unit,3803,,
1599,Appliance Repairs,3629,,
1600,Pest control,1452,,
1601,Plumbing Issues,1624,,
1602,HVAC Repairs,2937,,
1603,leaks and water damage,1587,,
1604,Plumbing Issues,2411,,
1605,leaks and water damage,385,,
1606,leaks and water damage,4274,,
1607,Door or Window Locks,4371,,
1608,Routine Maintenance to Unit,3241,,
1609,leaks and water damage,750,,
1610,Routine Maintenance to Unit,4768,,
1611,Routine Maintenance to Unit,1172,,
1612,Plumbing Issues,3444,,
1613,HVAC Repairs,1402,,
1614,Plumbing Issues,315,,
1615,Pest control,3772,,
1616,Pest control,1986,,
1617,Appliance Repairs,3623,,
1618,Pest control,3525,,
1619,Door or Window Locks,785,,
1620,leaks and water damage,999,,
1621,leaks and water damage,4108,,
1622,Appliance Repairs,2354,,
1623,Routine Maintenance to Unit,2806,,
1624,Pest control,351,,
1625,Plumbing Issues,1063,,
1626,leaks and water damage,2665,,
1627,Plumbing Issues,2245,,
1628,Routine Maintenance to Unit,2375,,
1629,Appliance Repairs,249,,
1630,Appliance Repairs,3979,,
1631,Pest control,2694,,
1632,Pest control,1920,,
1633,Routine Maintenance to Unit,1282,,
1634,Pest control,4404,,
1635,leaks and water damage,4415,,
1636,leaks and water damage,4565,,
1637,leaks and water damage,3731,,
1638,Routine Maintenance to Unit,2944,,
1639,Appliance Repairs,3090,,
1640,HVAC Repairs,4209,,
1641,leaks and water damage,1326,,
1642,Door or Window Locks,540,,
1643,HVAC Repairs,2687,,
1644,HVAC Repairs,4850,,
1645,Door or Window Locks,3025,,
1646,Plumbing Issues,3253,,
1647,leaks and water damage,1586,,
1648,Appliance Repairs,4984,,
1649,HVAC Repairs,2374,,
1650,Door or Window Locks,2370,,
1651,leaks and water damage,174,,
1652,Door or Window Locks,4949,,
1653,Routine Maintenance to Unit,2943,,
1654,Pest control,2131,,
1655,HVAC Repairs,1262,,
1656,Routine Maintenance to Unit,4338,,
1657,Plumbing Issues,4506,,
1658,Routine Maintenance to Unit,4203,,
1659,Plumbing Issues,4361,,
1660,leaks and water damage,3805,,
1661,Plumbing Issues,3169,,
1662,HVAC Repairs,1199,,
1663,Pest control,3646,,
1664,Routine Maintenance to Unit,580,,
1665,leaks and water damage,4593,,
1666,Plumbing Issues,1122,,
1667,HVAC Repairs,2633,,
1668,Pest control,523,,
1669,Door or Window Locks,4684,,
1670,Pest control,1177,,
1671,Plumbing Issues,818,,
1672,Routine Maintenance to Unit,5051,,
1673,Pest control,2533,,
1674,Plumbing Issues,611,,
1675,Door or Window Locks,1857,,
1676,Routine Maintenance to Unit,1775,,
1677,Pest control,4895,,
1678,Pest control,2747,,
1679,Plumbing Issues,4906,,
1680,Plumbing Issues,2724,,
1681,Routine Maintenance to Unit,4866,,
1682,Plumbing Issues,3183,,
1683,Plumbing Issues,539,,
1684,Pest control,3216,,
1685,Door or Window Locks,4504,,
1686,Routine Maintenance to Unit,1204,,
1687,Door or Window Locks,540,,
1688,HVAC Repairs,909,,
1689,Appliance Repairs,1749,,
1690,HVAC Repairs,3209,,
1691,leaks and water damage,3792,,
1692,Routine Maintenance to Unit,1550,,
1693,Appliance Repairs,832,,
1694,Door or Window Locks,3539,,
1695,HVAC Repairs,4166,,
1696,Pest control,1459,,
1697,Appliance Repairs,2587,,
1698,Appliance Repairs,730,,
1699,Appliance Repairs,390,,
1700,leaks and water damage,690,,
1701,Routine Maintenance to Unit,2598,,
1702,HVAC Repairs,3048,,
1703,Appliance Repairs,1702,,
1704,Plumbing Issues,1134,,
1705,Plumbing Issues,933,,
1706,Appliance Repairs,4435,,
1707,Door or Window Locks,1397,,
1708,Routine Maintenance to Unit,1395,,
1709,HVAC Repairs,2189,,
1710,HVAC Repairs,3913,,
1711,Door or Window Locks,2397,,
1712,Door or Window Locks,2390,,
1713,Appliance Repairs,4415,,
1714,HVAC Repairs,4628,,
1715,Door or Window Locks,3693,,
1716,leaks and water damage,1632,,
1717,leaks and water damage,4448,,
1718,Routine Maintenance to Unit,1368,,
1719,HVAC Repairs,689,,
1720,Plumbing Issues,4708,,
1721,Plumbing Issues,150,,
1722,Routine Maintenance to Unit,4729,,
1723,Plumbing Issues,1513,,
1724,leaks and water damage,526,,
1725,Door or Window Locks,4204,,
1726,Plumbing Issues,2470,,
1727,Door or Window Locks,370,,
1728,Appliance Repairs,4537,,
1729,HVAC Repairs,3007,,
1730,leaks and water damage,3135,,
1731,Routine Maintenance to Unit,4045,,
1732,leaks and water damage,1282,,
1733,Routine Maintenance to Unit,3075,,
1734,Door or Window Locks,1767,,
1735,Door or Window Locks,1870,,
1736,Routine Maintenance to Unit,2208,,
1737,Plumbing Issues,3872,,
1738,Plumbing Issues,2365,,
1739,Pest control,2924,,
1740,Routine Maintenance to Unit,1111,,
1741,leaks and water damage,617,,
1742,Routine Maintenance to Unit,3287,,
1743,Door or Window Locks,4411,,
1744,Appliance Repairs,587,,
1745,leaks and water damage,3633,,
1746,Appliance Repairs,4450,,
1747,Plumbing Issues,2007,,
1748,Door or Window Locks,4274,,
1749,Door or Window Locks,3262,,
1750,leaks and water damage,4620,,
1751,leaks and water damage,1702,,
1752,HVAC Repairs,4169,,
1753,HVAC Repairs,617,,
1754,HVAC Repairs,2987,,
1755,leaks and water damage,4255,,
1756,Appliance Repairs,2184,,
1757,Plumbing Issues,4904,,
1758,leaks and water damage,1979,,
1759,Routine Maintenance to Unit,459,,
1760,Appliance Repairs,4725,,
1761,leaks and water damage,1113,,
1762,Appliance Repairs,839,,
1763,HVAC Repairs,499,,
1764,leaks and water damage,4101,,
1765,Appliance Repairs,2665,,
1766,HVAC Repairs,4054,,
1767,Plumbing Issues,1159,,
1768,Plumbing Issues,2665,,
1769,HVAC Repairs,2504,,
1770,Pest control,2290,,
1771,leaks and water damage,4059,,
1772,leaks and water damage,4021,,
1773,Door or Window Locks,4587,,
1774,Pest control,2043,,
1775,Routine Maintenance to Unit,3373,,
1776,Pest control,2935,,
1777,Appliance Repairs,2408,,
1778,leaks and water damage,504,,
1779,leaks and water damage,1245,,
1780,Door or Window Locks,1425,,
1781,Plumbing Issues,3936,,
1782,Appliance Repairs,712,,
1783,Pest control,2774,,
1784,Pest control,2236,,
1785,Routine Maintenance to Unit,826,,
1786,Appliance Repairs,3787,,
1787,HVAC Repairs,2402,,
1788,Routine Maintenance to Unit,1476,,
1789,HVAC Repairs,2020,,
1790,Plumbing Issues,3533,,
1791,Door or Window Locks,2927,,
1792,Appliance Repairs,938,,
1793,Appliance Repairs,958,,
1794,Routine Maintenance to Unit,2998,,
1795,Appliance Repairs,432,,
1796,Door or Window Locks,4070,,
1797,Plumbing Issues,4603,,
1798,HVAC Repairs,791,,
1799,leaks and water damage,1022,,
1800,Pest control,3315,,
1801,Pest control,3335,,
1802,leaks and water damage,3170,,
1803,leaks and water damage,1715,,
1804,leaks and water damage,2499,,
1805,HVAC Repairs,4390,,
1806,Appliance Repairs,579,,
1807,Appliance Repairs,1730,,
1808,HVAC Repairs,4936,,
1809,leaks and water damage,4069,,
1810,Routine Maintenance to Unit,4583,,
1811,Pest control,1937,,
1812,Plumbing Issues,4293,,
1813,HVAC Repairs,3202,,
1814,Appliance Repairs,1149,,
1815,Plumbing Issues,4826,,
1816,HVAC Repairs,1247,,
1817,HVAC Repairs,5035,,
1818,HVAC Repairs,752,,
1819,Door or Window Locks,4151,,
1820,Appliance Repairs,1402,,
1821,Pest control,4963,,
1822,Plumbing Issues,2058,,
1823,Pest control,4432,,
1824,Plumbing Issues,5013,,
1825,Door or Window Locks,4531,,
1826,Routine Maintenance to Unit,901,,
1827,Pest control,5014,,
1828,HVAC Repairs,4503,,
1829,Door or Window Locks,3261,,
1830,Pest control,4870,,
1831,HVAC Repairs,1700,,
1832,Door or Window Locks,3832,,
1833,HVAC Repairs,4524,,
1834,Routine Maintenance to Unit,4163,,
1835,Plumbing Issues,2889,,
1836,leaks and water damage,4253,,
1837,Appliance Repairs,4595,,
1838,Plumbing Issues,1010,,
1839,Door or Window Locks,2883,,
1840,HVAC Repairs,1048,,
1841,Pest control,3561,,
1842,Plumbing Issues,1183,,
1843,leaks and water damage,1073,,
1844,Routine Maintenance to Unit,1322,,
1845,Appliance Repairs,208,,
1846,Appliance Repairs,3439,,
1847,Routine Maintenance to Unit,803,,
1848,Door or Window Locks,1784,,
1849,Routine Maintenance to Unit,5098,,
1850,Pest control,1505,,
1851,Appliance Repairs,1504,,
1852,Pest control,4299,,
1853,HVAC Repairs,809,,
1854,leaks and water damage,1805,,
1855,Door or Window Locks,2587,,
1856,Routine Maintenance to Unit,1188,,
1857,Appliance Repairs,2344,,
1858,Routine Maintenance to Unit,941,,
1859,Plumbing Issues,2110,,
1860,Appliance Repairs,4477,,
1861,Plumbing Issues,1350,,
1862,leaks and water damage,2490,,
1863,Pest control,4428,,
1864,Routine Maintenance to Unit,4158,,
1865,leaks and water damage,4597,,
1866,Pest control,2874,,
1867,Appliance Repairs,468,,
1868,leaks and water damage,945,,
1869,Plumbing Issues,4144,,
1870,Appliance Repairs,2814,,
1871,Pest control,3107,,
1872,Door or Window Locks,4380,,
1873,HVAC Repairs,1735,,
1874,Appliance Repairs,4549,,
1875,Routine Maintenance to Unit,3782,,
1876,Appliance Repairs,1142,,
1877,Door or Window Locks,3085,,
1878,leaks and water damage,2849,,
1879,Door or Window Locks,5003,,
1880,Appliance Repairs,1061,,
1881,Plumbing Issues,2786,,
1882,Door or Window Locks,1534,,
1883,Pest control,3792,,
1884,Appliance Repairs,4942,,
1885,Appliance Repairs,1414,,
1886,Routine Maintenance to Unit,1013,,
1887,leaks and water damage,1102,,
1888,leaks and water damage,1121,,
1889,Door or Window Locks,1126,,
1890,Appliance Repairs,3021,,
1891,HVAC Repairs,1333,,
1892,Pest control,1102,,
1893,HVAC Repairs,3881,,
1894,HVAC Repairs,1874,,
1895,Pest control,4787,,
1896,HVAC Repairs,266,,
1897,Plumbing Issues,3387,,
1898,Pest control,376,,
1899,Plumbing Issues,4564,,
1900,leaks and water damage,2821,,
1901,Pest control,1353,,
1902,Door or Window Locks,3035,,
1903,Routine Maintenance to Unit,4235,,
1904,Door or Window Locks,2642,,
1905,Door or Window Locks,4268,,
1906,Appliance Repairs,1953,,
1907,Pest control,3993,,
1908,Routine Maintenance to Unit,1353,,
1909,leaks and water damage,3749,,
1910,Appliance Repairs,843,,
1911,Plumbing Issues,1993,,
1912,HVAC Repairs,226,,
1913,leaks and water damage,1726,,
1914,HVAC Repairs,4226,,
1915,leaks and water damage,4349,,
1916,leaks and water damage,3019,,
1917,Pest control,4569,,
1918,Pest control,2962,,
1919,Door or Window Locks,4803,,
1920,leaks and water damage,4356,,
1921,Appliance Repairs,162,,
1922,Plumbing Issues,739,,
1923,leaks and water damage,3219,,
1924,Door or Window Locks,4357,,
1925,Routine Maintenance to Unit,3109,,
1926,Plumbing Issues,3044,,
1927,Plumbing Issues,4028,,
1928,Pest control,3170,,
1929,Pest control,351,,
1930,leaks and water damage,2651,,
1931,Door or Window Locks,2550,,
1932,HVAC Repairs,447,,
1933,Pest control,3483,,
1934,Appliance Repairs,309,,
1935,HVAC Repairs,3122,,
1936,Door or Window Locks,1374,,
1937,Pest control,3387,,
1938,Routine Maintenance to Unit,1982,,
1939,Appliance Repairs,1763,,
1940,Routine Maintenance to Unit,2404,,
1941,Door or Window Locks,405,,
1942,leaks and water damage,2464,,
1943,Appliance Repairs,1620,,
1944,Door or Window Locks,4883,,
1945,Plumbing Issues,3681,,
1946,Appliance Repairs,4108,,
1947,HVAC Repairs,4554,,
1948,Routine Maintenance to Unit,1814,,
1949,Door or Window Locks,4871,,
1950,Pest control,515,,
1951,Door or Window Locks,2402,,
1952,Door or Window Locks,4659,,
1953,Door or Window Locks,3463,,
1954,Door or Window Locks,1766,,
1955,leaks and water damage,731,,
1956,Door or Window Locks,1815,,
1957,Pest control,277,,
1958,HVAC Repairs,5020,,
1959,Pest control,2663,,
1960,Routine Maintenance to Unit,4943,,
1961,Appliance Repairs,4102,,
1962,Door or Window Locks,2317,,
1963,Appliance Repairs,779,,
1964,Plumbing Issues,3527,,
1965,Pest control,1075,,
1966,Routine Maintenance to Unit,2308,,
1967,Pest control,1943,,
1968,Plumbing Issues,3548,,
1969,Appliance Repairs,4013,,
1970,Routine Maintenance to Unit,1497,,
1971,Plumbing Issues,2450,,
1972,HVAC Repairs,2068,,
1973,Door or Window Locks,896,,
1974,leaks and water damage,4143,,
1975,leaks and water damage,3845,,
1976,leaks and water damage,2172,,
1977,Door or Window Locks,1313,,
1978,HVAC Repairs,1162,,
1979,HVAC Repairs,4044,,
1980,Appliance Repairs,854,,
1981,Appliance Repairs,4854,,
1982,Routine Maintenance to Unit,1674,,
1983,Door or Window Locks,1312,,
1984,leaks and water damage,1925,,
1985,Appliance Repairs,4920,,
1986,Routine Maintenance to Unit,4383,,
1987,HVAC Repairs,4869,,
1988,HVAC Repairs,2469,,
1989,Plumbing Issues,588,,
1990,Routine Maintenance to Unit,4512,,
1991,Pest control,1763,,
1992,Pest control,3948,,
1993,Pest control,4852,,
1994,leaks and water damage,4789,,
1995,Appliance Repairs,3060,,
1996,leaks and water damage,448,,
1997,HVAC Repairs,4558,,
1998,Appliance Repairs,534,,
1999,HVAC Repairs,4101,,
2000,Plumbing Issues,3390,,
2001,Door or Window Locks,4080,,
2002,Appliance Repairs,3944,,
2003,Appliance Repairs,3511,,
2004,Routine Maintenance to Unit,1639,,
2005,Routine Maintenance to Unit,875,,
2006,Plumbing Issues,243,,
2007,Leaks and Water Damage,4102,,
2008,Routine Maintenance to Unit,3402,,
2009,Leaks and Water Damage,1549,,
2010,Appliance Repairs,4963,,
2011,Pest Control,353,,
2012,Appliance Repairs,4066,,
2013,Appliance Repairs,809,,
2014,HVAC Repairs,2546,,
2015,Pest Control,3113,,
2016,Appliance Repairs,1161,,
2017,Plumbing Issues,4296,,
2018,Routine Maintenance to Unit,4738,,
2019,Leaks and Water Damage,2591,,
2020,Routine Maintenance to Unit,3404,,
2021,Routine Maintenance to Unit,2671,,
2022,Pest Control,707,,
2023,HVAC Repairs,3954,,
2024,Leaks and Water Damage,4208,,
2025,HVAC Repairs,3801,,
2026,Leaks and Water Damage,658,,
2027,Appliance Repairs,2598,,
2028,Plumbing Issues,4145,,
2029,HVAC Repairs,287,,
2030,Appliance Repairs,3997,,
2031,Routine Maintenance to Unit,1021,,
2032,Door or Window Locks,865,,
2033,Leaks and Water Damage,834,,
2034,Pest Control,3829,,
2035,HVAC Repairs,3902,,
2036,Door or Window Locks,3262,,
2037,HVAC Repairs,2422,,
2038,Appliance Repairs,1065,,
2039,Leaks and Water Damage,5061,,
2040,HVAC Repairs,3259,,
2041,Appliance Repairs,2115,,
2042,Appliance Repairs,1607,,
2043,Appliance Repairs,1974,,
2044,Door or Window Locks,1081,,
2045,Door or Window Locks,2866,,
2046,Plumbing Issues,3718,,
2047,Plumbing Issues,4292,,
2048,Plumbing Issues,1252,,
2049,Pest Control,578,,
2050,Door or Window Locks,282,,
2051,Routine Maintenance to Unit,4846,,
2052,Plumbing Issues,2910,,
2053,Plumbing Issues,1170,,
2054,Plumbing Issues,1902,,
2055,HVAC Repairs,2520,,
2056,Pest Control,2935,,
2057,HVAC Repairs,3177,,
2058,Routine Maintenance to Unit,2913,,
2059,Routine Maintenance to Unit,321,,
2060,Plumbing Issues,3495,,
2061,Door or Window Locks,1370,,
2062,Pest Control,1434,,
2063,Appliance Repairs,1131,,
2064,Appliance Repairs,4646,,
2065,Appliance Repairs,1603,,
2066,HVAC Repairs,4911,,
2067,Appliance Repairs,558,,
2068,Plumbing Issues,799,,
2069,Plumbing Issues,4884,,
2070,Plumbing Issues,1987,,
2071,Leaks and Water Damage,4773,,
2072,Routine Maintenance to Unit,3819,,
2073,Pest Control,1934,,
2074,Routine Maintenance to Unit,2351,,
2075,Appliance Repairs,2877,,
2076,Appliance Repairs,1248,,
2077,Door or Window Locks,4928,,
2078,Routine Maintenance to Unit,1618,,
2079,Plumbing Issues,2846,,
2080,Leaks and Water Damage,1166,,
2081,HVAC Repairs,4075,,
2082,Routine Maintenance to Unit,1928,,
2083,HVAC Repairs,3370,,
2084,HVAC Repairs,3377,,
2085,Pest Control,2560,,
2086,Appliance Repairs,3122,,
2087,HVAC Repairs,5011,,
2088,HVAC Repairs,910,,
2089,Pest Control,4313,,
2090,Plumbing Issues,1063,,
2091,Appliance Repairs,3900,,
2092,HVAC Repairs,251,,
2093,Pest Control,4962,,
2094,Pest Control,4585,,
2095,Door or Window Locks,2595,,
2096,Door or Window Locks,3579,,
2097,Plumbing Issues,2120,,
2098,Door or Window Locks,656,,
2099,Pest Control,1954,,
2100,HVAC Repairs,559,,
2101,Pest Control,1395,,
2102,Pest Control,3474,,
2103,Routine Maintenance to Unit,2579,,
2104,Door or Window Locks,3592,,
2105,Appliance Repairs,1338,,
2106,Leaks and Water Damage,2142,,
2107,Pest Control,838,,
2108,Pest Control,3456,,
2109,Plumbing Issues,388,,
2110,Leaks and Water Damage,2592,,
2111,Door or Window Locks,1416,,
2112,Door or Window Locks,4836,,
2113,Routine Maintenance to Unit,3702,,
2114,Routine Maintenance to Unit,209,,
2115,Door or Window Locks,1993,,
2116,HVAC Repairs,2569,,
2117,Leaks and Water Damage,1625,,
2118,Appliance Repairs,3128,,
2119,Appliance Repairs,3175,,
2120,Plumbing Issues,3137,,
2121,HVAC Repairs,2925,,
2122,Leaks and Water Damage,4794,,
2123,Plumbing Issues,336,,
2124,Routine Maintenance to Unit,453,,
2125,Pest Control,403,,
2126,Pest Control,1372,,
2127,Routine Maintenance to Unit,2460,,
2128,Pest Control,1114,,
2129,Routine Maintenance to Unit,4674,,
2130,HVAC Repairs,4789,,
2131,HVAC Repairs,287,,
2132,Pest Control,4868,,
2133,HVAC Repairs,910,,
2134,Door or Window Locks,1829,,
2135,Leaks and Water Damage,2797,,
2136,Routine Maintenance to Unit,3535,,
2137,Door or Window Locks,4652,,
2138,HVAC Repairs,3012,,
2139,Appliance Repairs,1578,,
2140,HVAC Repairs,5089,,
2141,Door or Window Locks,1590,,
2142,HVAC Repairs,4189,,
2143,Routine Maintenance to Unit,2711,,
2144,Pest Control,3264,,
2145,Appliance Repairs,4976,,
2146,Leaks and Water Damage,615,,
2147,HVAC Repairs,2232,,
2148,HVAC Repairs,4236,,
2149,Routine Maintenance to Unit,3415,,
2150,HVAC Repairs,3768,,
2151,Pest Control,2056,,
2152,HVAC Repairs,3944,,
2153,Leaks and Water Damage,1597,,
2154,Appliance Repairs,1926,,
2155,Routine Maintenance to Unit,2953,,
2156,Plumbing Issues,2686,,
2157,Pest Control,4814,,
2158,Leaks and Water Damage,4509,,
2159,Pest Control,4888,,
2160,Leaks and Water Damage,942,,
2161,HVAC Repairs,1741,,
2162,HVAC Repairs,2129,,
2163,Door or Window Locks,3028,,
2164,Routine Maintenance to Unit,3047,,
2165,Appliance Repairs,3036,,
2166,HVAC Repairs,4413,,
2167,Appliance Repairs,3550,,
2168,Plumbing Issues,2925,,
2169,Leaks and Water Damage,949,,
2170,Pest Control,2208,,
2171,HVAC Repairs,4477,,
2172,Plumbing Issues,1886,,
2173,Appliance Repairs,4611,,
2174,Leaks and Water Damage,4645,,
2175,Routine Maintenance to Unit,3969,,
2176,Leaks and Water Damage,2941,,
2177,Door or Window Locks,2921,,
2178,Routine Maintenance to Unit,4355,,
2179,Appliance Repairs,4113,,
2180,Appliance Repairs,369,,
2181,Door or Window Locks,3459,,
2182,Plumbing Issues,4562,,
2183,HVAC Repairs,2123,,
2184,Plumbing Issues,2507,,
2185,HVAC Repairs,3080,,
2186,HVAC Repairs,730,,
2187,Appliance Repairs,4380,,
2188,HVAC Repairs,4361,,
2189,Plumbing Issues,3812,,
2190,Plumbing Issues,833,,
2191,HVAC Repairs,3408,,
2192,Routine Maintenance to Unit,4098,,
2193,Plumbing Issues,3945,,
2194,Routine Maintenance to Unit,5024,,
2195,Routine Maintenance to Unit,4197,,
2196,Appliance Repairs,276,,
2197,Appliance Repairs,3489,,
2198,Leaks and Water Damage,2129,,
2199,Appliance Repairs,4764,,
2200,Appliance Repairs,4704,,
2201,Leaks and Water Damage,2439,,
2202,Leaks and Water Damage,372,,
2203,Plumbing Issues,4780,,
2204,Plumbing Issues,3330,,
2205,Appliance Repairs,1562,,
2206,Pest Control,4260,,
2207,Leaks and Water Damage,5005,,
2208,HVAC Repairs,1260,,
2209,Routine Maintenance to Unit,4266,,
2210,Pest Control,3518,,
2211,Pest Control,4251,,
2212,Appliance Repairs,2266,,
2213,Leaks and Water Damage,1782,,
2214,Routine Maintenance to Unit,4853,,
2215,Plumbing Issues,4077,,
2216,Pest Control,2245,,
2217,Plumbing Issues,1612,,
2218,Plumbing Issues,2273,,
2219,Leaks and Water Damage,1885,,
2220,Appliance Repairs,4565,,
2221,Leaks and Water Damage,2392,,
2222,Door or Window Locks,4380,,
2223,HVAC Repairs,3491,,
2224,Appliance Repairs,1169,,
2225,Leaks and Water Damage,1295,,
2226,Appliance Repairs,4175,,
2227,Door or Window Locks,4181,,
2228,HVAC Repairs,4818,,
2229,Leaks and Water Damage,4451,,
2230,HVAC Repairs,2464,,
2231,Appliance Repairs,4854,,
2232,HVAC Repairs,2558,,
2233,Leaks and Water Damage,4056,,
2234,Plumbing Issues,467,,
2235,Routine Maintenance to Unit,5098,,
2236,HVAC Repairs,1101,,
2237,HVAC Repairs,2943,,
2238,HVAC Repairs,4535,,
2239,Routine Maintenance to Unit,3681,,
2240,Door or Window Locks,2361,,
2241,Door or Window Locks,2510,,
2242,Routine Maintenance to Unit,4931,,
2243,Leaks and Water Damage,4848,,
2244,Appliance Repairs,4431,,
2245,Leaks and Water Damage,2566,,
2246,Door or Window Locks,4311,,
2247,Leaks and Water Damage,1339,,
2248,HVAC Repairs,2204,,
2249,Pest Control,2774,,
2250,Appliance Repairs,2796,,
2251,Plumbing Issues,2750,,
2252,Door or Window Locks,1354,,
2253,Leaks and Water Damage,1810,,
2254,Appliance Repairs,1864,,
2255,Leaks and Water Damage,3263,,
2256,HVAC Repairs,1323,,
2257,Leaks and Water Damage,3415,,
2258,Appliance Repairs,633,,
2259,Leaks and Water Damage,1810,,
2260,Plumbing Issues,4035,,
2261,Appliance Repairs,4331,,
2262,Door or Window Locks,233,,
2263,Routine Maintenance to Unit,4761,,
2264,HVAC Repairs,4649,,
2265,Door or Window Locks,4798,,
2266,Door or Window Locks,3058,,
2267,Appliance Repairs,3846,,
2268,Leaks and Water Damage,1017,,
2269,Door or Window Locks,2494,,
2270,Leaks and Water Damage,470,,
2271,Door or Window Locks,164,,
2272,Door or Window Locks,393,,
2273,Plumbing Issues,3925,,
2274,Routine Maintenance to Unit,4570,,
2275,Pest Control,1027,,
2276,Routine Maintenance to Unit,3088,,
2277,HVAC Repairs,404,,
2278,Door or Window Locks,1817,,
2279,Plumbing Issues,2985,,
2280,Routine Maintenance to Unit,4308,,
2281,Pest Control,1468,,
2282,Appliance Repairs,205,,
2283,HVAC Repairs,1934,,
2284,Pest Control,4004,,
2285,Appliance Repairs,2992,,
2286,Appliance Repairs,1998,,
2287,Leaks and Water Damage,2563,,
2288,Routine Maintenance to Unit,1949,,
2289,Pest Control,1872,,
2290,HVAC Repairs,4370,,
2291,Appliance Repairs,2254,,
2292,Pest Control,3173,,
2293,Door or Window Locks,163,,
2294,Appliance Repairs,4022,,
2295,Door or Window Locks,1668,,
2296,Plumbing Issues,2778,,
2297,Leaks and Water Damage,3234,,
2298,Plumbing Issues,956,,
2299,Pest Control,4066,,
2300,Plumbing Issues,3951,,
2301,Leaks and Water Damage,3064,,
2302,Pest Control,221,,
2303,Appliance Repairs,1838,,
2304,Leaks and Water Damage,234,,
2305,Plumbing Issues,4746,,
2306,Routine Maintenance to Unit,3899,,
2307,Routine Maintenance to Unit,3804,,
2308,Routine Maintenance to Unit,1138,,
2309,Leaks and Water Damage,4233,,
2310,Leaks and Water Damage,398,,
2311,Appliance Repairs,4926,,
2312,Appliance Repairs,4965,,
2313,Door or Window Locks,3508,,
2314,Pest Control,2312,,
2315,Routine Maintenance to Unit,4188,,
2316,HVAC Repairs,718,,
2317,Door or Window Locks,783,,
2318,Routine Maintenance to Unit,2541,,
2319,Pest Control,940,,
2320,Appliance Repairs,917,,
2321,HVAC Repairs,887,,
2322,Pest Control,2173,,
2323,Plumbing Issues,344,,
2324,HVAC Repairs,4440,,
2325,Appliance Repairs,3597,,
2326,Door or Window Locks,2239,,
2327,Plumbing Issues,3521,,
2328,Plumbing Issues,2049,,
2329,Appliance Repairs,1580,,
2330,Pest Control,3433,,
2331,Leaks and Water Damage,1826,,
2332,Plumbing Issues,884,,
2333,HVAC Repairs,1088,,
2334,Pest Control,2268,,
2335,Appliance Repairs,1380,,
2336,Plumbing Issues,327,,
2337,Routine Maintenance to Unit,3203,,
2338,Appliance Repairs,813,,
2339,HVAC Repairs,2002,,
2340,Appliance Repairs,689,,
2341,Leaks and Water Damage,2268,,
2342,Plumbing Issues,4136,,
2343,Door or Window Locks,612,,
2344,Door or Window Locks,491,,
2345,Plumbing Issues,4531,,
2346,Leaks and Water Damage,2295,,
2347,Leaks and Water Damage,1110,,
2348,Leaks and Water Damage,972,,
2349,Appliance Repairs,3321,,
2350,Pest Control,2530,,
2351,Routine Maintenance to Unit,4830,,
2352,Leaks and Water Damage,5010,,
2353,Pest Control,3199,,
2354,Leaks and Water Damage,4735,,
2355,Plumbing Issues,994,,
2356,Door or Window Locks,3716,,
2357,Door or Window Locks,4700,,
2358,Pest Control,3670,,
2359,HVAC Repairs,3862,,
2360,Routine Maintenance to Unit,775,,
2361,Plumbing Issues,549,,
2362,Routine Maintenance to Unit,2643,,
2363,Leaks and Water Damage,543,,
2364,Leaks and Water Damage,2155,,
2365,Door or Window Locks,1044,,
2366,Pest Control,1806,,
2367,Door or Window Locks,545,,
2368,Routine Maintenance to Unit,4364,,
2369,Appliance Repairs,1965,,
2370,Pest Control,1431,,
2371,Routine Maintenance to Unit,3479,,
2372,Leaks and Water Damage,3029,,
2373,Leaks and Water Damage,4963,,
2374,Leaks and Water Damage,1966,,
2375,HVAC Repairs,1911,,
2376,Routine Maintenance to Unit,4047,,
2377,Door or Window Locks,1504,,
2378,Plumbing Issues,2311,,
2379,HVAC Repairs,2158,,
2380,Door or Window Locks,4533,,
2381,HVAC Repairs,3768,,
2382,Leaks and Water Damage,555,,
2383,Routine Maintenance to Unit,4228,,
2384,HVAC Repairs,4196,,
2385,Routine Maintenance to Unit,3642,,
2386,Door or Window Locks,4973,,
2387,Pest Control,2088,,
2388,Door or Window Locks,1073,,
2389,Routine Maintenance to Unit,4397,,
2390,Leaks and Water Damage,4897,,
2391,HVAC Repairs,906,,
2392,Pest Control,4909,,
2393,Appliance Repairs,2240,,
2394,Leaks and Water Damage,4978,,
2395,Appliance Repairs,1062,,
2396,Leaks and Water Damage,3919,,
2397,Appliance Repairs,3619,,
2398,Pest Control,1771,,
2399,Plumbing Issues,1809,,
2400,Routine Maintenance to Unit,1740,,
2401,HVAC Repairs,2468,,
2402,Plumbing Issues,4372,,
2403,HVAC Repairs,4787,,
2404,HVAC Repairs,1805,,
2405,Plumbing Issues,4362,,
2406,HVAC Repairs,1732,,
2407,HVAC Repairs,659,,
2408,Door or Window Locks,4796,,
2409,Appliance Repairs,4646,,
2410,Door or Window Locks,1182,,
2411,HVAC Repairs,1488,,
2412,HVAC Repairs,2908,,
2413,Leaks and Water Damage,2929,,
2414,Door or Window Locks,4294,,
2415,Plumbing Issues,3116,,
2416,Door or Window Locks,900,,
2417,Routine Maintenance to Unit,2292,,
2418,Routine Maintenance to Unit,2561,,
2419,Door or Window Locks,2674,,
2420,HVAC Repairs,1422,,
2421,Leaks and Water Damage,2621,,
2422,Appliance Repairs,4323,,
2423,HVAC Repairs,2804,,
2424,Routine Maintenance to Unit,3122,,
2425,Pest Control,2203,,
2426,Pest Control,2595,,
2427,Door or Window Locks,1236,,
2428,Leaks and Water Damage,5029,,
2429,Plumbing Issues,1491,,
2430,Routine Maintenance to Unit,1412,,
2431,Leaks and Water Damage,1504,,
2432,Leaks and Water Damage,2326,,
2433,Leaks and Water Damage,3888,,
2434,Door or Window Locks,4507,,
2435,Routine Maintenance to Unit,3537,,
2436,Routine Maintenance to Unit,2947,,
2437,Door or Window Locks,3358,,
2438,Door or Window Locks,1421,,
2439,Leaks and Water Damage,4720,,
2440,Appliance Repairs,2551,,
2441,Pest Control,2011,,
2442,Appliance Repairs,1657,,
2443,Leaks and Water Damage,4570,,
2444,Leaks and Water Damage,139,,
2445,Appliance Repairs,4947,,
2446,Door or Window Locks,1493,,
2447,HVAC Repairs,2369,,
2448,Door or Window Locks,2230,,
2449,Plumbing Issues,4225,,
2450,HVAC Repairs,2539,,
2451,Pest Control,1168,,
2452,Plumbing Issues,2661,,
2453,HVAC Repairs,1182,,
2454,Door or Window Locks,4363,,
2455,Appliance Repairs,3144,,
2456,Routine Maintenance to Unit,2708,,
2457,Routine Maintenance to Unit,4440,,
2458,Leaks and Water Damage,1712,,
2459,Routine Maintenance to Unit,970,,
2460,Door or Window Locks,1701,,
2461,Door or Window Locks,1117,,
2462,Appliance Repairs,1613,,
2463,Pest Control,2102,,
2464,Plumbing Issues,1964,,
2465,Routine Maintenance to Unit,2289,,
2466,Door or Window Locks,4489,,
2467,Door or Window Locks,1911,,
2468,Leaks and Water Damage,1528,,
2469,Leaks and Water Damage,2899,,
2470,Appliance Repairs,3168,,
2471,Pest Control,1291,,
2472,Pest Control,1705,,
2473,Appliance Repairs,2523,,
2474,Plumbing Issues,3712,,
2475,Plumbing Issues,1768,,
2476,Appliance Repairs,712,,
2477,Routine Maintenance to Unit,2545,,
2478,Leaks and Water Damage,2720,,
2479,Appliance Repairs,1137,,
2480,Leaks and Water Damage,978,,
2481,Routine Maintenance to Unit,3808,,
2482,Appliance Repairs,1198,,
2483,Pest Control,3273,,
2484,Door or Window Locks,361,,
2485,Door or Window Locks,4983,,
2486,HVAC Repairs,3693,,
2487,Leaks and Water Damage,3010,,
2488,Pest Control,1097,,
2489,Appliance Repairs,2103,,
2490,Leaks and Water Damage,472,,
2491,Leaks and Water Damage,4514,,
2492,Routine Maintenance to Unit,1919,,
2493,Pest Control,206,,
2494,HVAC Repairs,3001,,
2495,Pest Control,453,,
2496,Plumbing Issues,3567,,
2497,Plumbing Issues,5034,,
2498,Door or Window Locks,462,,
2499,Leaks and Water Damage,3371,,
2500,Door or Window Locks,2073,,
2501,Plumbing Issues,3504,,
2502,Leaks and Water Damage,3299,,
2503,Door or Window Locks,3957,,
2504,HVAC Repairs,1867,,
2505,Leaks and Water Damage,923,,
2506,Pest Control,1110,,
2507,Plumbing Issues,316,,
2508,Leaks and Water Damage,3131,,
2509,Pest Control,3378,,
2510,HVAC Repairs,633,,
2511,Routine Maintenance to Unit,4422,,
2512,Pest Control,3996,,
2513,Routine Maintenance to Unit,3737,,
2514,Plumbing Issues,1664,,
2515,Plumbing Issues,335,,
2516,Plumbing Issues,4301,,
2517,Routine Maintenance to Unit,4358,,
2518,Plumbing Issues,1068,,
2519,HVAC Repairs,2685,,
2520,Door or Window Locks,3457,,
2521,Routine Maintenance to Unit,1268,,
2522,Routine Maintenance to Unit,1916,,
2523,Pest Control,5067,,
2524,HVAC Repairs,3061,,
2525,Plumbing Issues,4283,,
2526,Door or Window Locks,2949,,
2527,Door or Window Locks,4679,,
2528,Plumbing Issues,1073,,
2529,Appliance Repairs,2208,,
2530,Appliance Repairs,2466,,
2531,Plumbing Issues,4325,,
2532,Routine Maintenance to Unit,286,,
2533,Leaks and Water Damage,1409,,
2534,Routine Maintenance to Unit,4243,,
2535,HVAC Repairs,2864,,
2536,Pest Control,2481,,
2537,Plumbing Issues,2359,,
2538,Plumbing Issues,3765,,
2539,Routine Maintenance to Unit,624,,
2540,Door or Window Locks,3244,,
2541,Appliance Repairs,4085,,
2542,Pest Control,2181,,
2543,Appliance Repairs,3970,,
2544,HVAC Repairs,1494,,
2545,Plumbing Issues,2395,,
2546,Pest Control,2650,,
2547,Plumbing Issues,3185,,
2548,Plumbing Issues,458,,
2549,Leaks and Water Damage,3243,,
2550,Leaks and Water Damage,4712,,
2551,HVAC Repairs,3552,,
2552,Routine Maintenance to Unit,706,,
2553,Plumbing Issues,1126,,
2554,Pest Control,4024,,
2555,Plumbing Issues,2503,,
2556,HVAC Repairs,570,,
2557,Leaks and Water Damage,3952,,
2558,Door or Window Locks,1319,,
2559,Routine Maintenance to Unit,1443,,
2560,Leaks and Water Damage,4342,,
2561,Leaks and Water Damage,1292,,
2562,Pest Control,2330,,
2563,Routine Maintenance to Unit,2182,,
2564,Plumbing Issues,1190,,
2565,Door or Window Locks,1918,,
2566,Pest Control,1758,,
2567,Door or Window Locks,2216,,
2568,Leaks and Water Damage,3990,,
2569,HVAC Repairs,2545,,
2570,Pest Control,3550,,
2571,Appliance Repairs,4884,,
2572,HVAC Repairs,264,,
2573,Routine Maintenance to Unit,474,,
2574,Leaks and Water Damage,3653,,
2575,Pest Control,1751,,
2576,Door or Window Locks,3020,,
2577,Plumbing Issues,2130,,
2578,HVAC Repairs,2504,,
2579,Leaks and Water Damage,4906,,
2580,Door or Window Locks,2990,,
2581,Leaks and Water Damage,4188,,
2582,Appliance Repairs,339,,
2583,Pest Control,4194,,
2584,Pest Control,408,,
2585,Leaks and Water Damage,1995,,
2586,Plumbing Issues,4142,,
2587,Door or Window Locks,1119,,
2588,Appliance Repairs,577,,
2589,Routine Maintenance to Unit,4554,,
2590,Plumbing Issues,4592,,
2591,Routine Maintenance to Unit,2936,,
2592,Door or Window Locks,896,,
2593,Appliance Repairs,2759,,
2594,Pest Control,2360,,
2595,Door or Window Locks,3290,,
2596,HVAC Repairs,4704,,
2597,Pest Control,4549,,
2598,Door or Window Locks,2667,,
2599,Door or Window Locks,495,,
2600,Appliance Repairs,5062,,
2601,Door or Window Locks,2869,,
2602,Door or Window Locks,3280,,
2603,Door or Window Locks,675,,
2604,Door or Window Locks,998,,
2605,Plumbing Issues,4296,,
2606,Routine Maintenance to Unit,322,,
2607,Leaks and Water Damage,2569,,
2608,Door or Window Locks,4149,,
2609,Plumbing Issues,4986,,
2610,HVAC Repairs,762,,
2611,Leaks and Water Damage,4462,,
2612,Pest Control,1118,,
2613,Pest Control,1743,,
2614,Plumbing Issues,4660,,
2615,Leaks and Water Damage,4926,,
2616,Door or Window Locks,4268,,
2617,Plumbing Issues,4991,,
2618,Door or Window Locks,5061,,
2619,Plumbing Issues,555,,
2620,Pest Control,1810,,
2621,Leaks and Water Damage,3451,,
2622,Door or Window Locks,3643,,
2623,HVAC Repairs,1038,,
2624,Leaks and Water Damage,3115,,
2625,Pest Control,4872,,
2626,Leaks and Water Damage,3885,,
2627,Leaks and Water Damage,1781,,
2628,HVAC Repairs,3603,,
2629,Door or Window Locks,885,,
2630,Door or Window Locks,720,,
2631,Pest Control,3503,,
2632,Plumbing Issues,1781,,
2633,Leaks and Water Damage,883,,
2634,Pest Control,1091,,
2635,HVAC Repairs,4557,,
2636,Pest Control,1195,,
2637,Appliance Repairs,4633,,
2638,HVAC Repairs,2203,,
2639,Routine Maintenance to Unit,4370,,
2640,Door or Window Locks,777,,
2641,Door or Window Locks,3701,,
2642,Routine Maintenance to Unit,3090,,
2643,HVAC Repairs,3026,,
2644,Appliance Repairs,4837,,
2645,Pest Control,3460,,
2646,Pest Control,1476,,
2647,Appliance Repairs,2299,,
2648,Routine Maintenance to Unit,4842,,
2649,Pest Control,3435,,
2650,Pest Control,3371,,
2651,Door or Window Locks,819,,
2652,Leaks and Water Damage,4788,,
2653,Plumbing Issues,1286,,
2654,Appliance Repairs,1128,,
2655,Routine Maintenance to Unit,4081,,
2656,Routine Maintenance to Unit,2168,,
2657,Door or Window Locks,386,,
2658,Leaks and Water Damage,3384,,
2659,HVAC Repairs,829,,
2660,Door or Window Locks,4456,,
2661,Plumbing Issues,4653,,
2662,Leaks and Water Damage,1476,,
2663,Leaks and Water Damage,1192,,
2664,Leaks and Water Damage,4273,,
2665,Leaks and Water Damage,2450,,
2666,Plumbing Issues,535,,
2667,Door or Window Locks,513,,
2668,Door or Window Locks,3963,,
2669,Routine Maintenance to Unit,4811,,
2670,Appliance Repairs,1337,,
2671,Door or Window Locks,3066,,
2672,HVAC Repairs,4458,,
2673,Pest Control,436,,
2674,Leaks and Water Damage,3930,,
2675,HVAC Repairs,1916,,
2676,Leaks and Water Damage,3540,,
2677,Plumbing Issues,1194,,
2678,HVAC Repairs,4686,,
2679,Plumbing Issues,2921,,
2680,Door or Window Locks,534,,
2681,Pest Control,4414,,
2682,Plumbing Issues,766,,
2683,Pest Control,1899,,
2684,Door or Window Locks,4405,,
2685,HVAC Repairs,708,,
2686,Routine Maintenance to Unit,785,,
2687,Leaks and Water Damage,4877,,
2688,HVAC Repairs,3077,,
2689,Leaks and Water Damage,421,,
2690,Pest Control,4752,,
2691,Appliance Repairs,2474,,
2692,HVAC Repairs,478,,
2693,HVAC Repairs,739,,
2694,HVAC Repairs,3211,,
2695,Door or Window Locks,3082,,
2696,Routine Maintenance to Unit,1357,,
2697,HVAC Repairs,101,,
2698,Appliance Repairs,4596,,
2699,Plumbing Issues,3084,,
2700,Pest Control,3297,,
2701,Appliance Repairs,1668,,
2702,Routine Maintenance to Unit,3346,,
2703,Plumbing Issues,2528,,
2704,Door or Window Locks,684,,
2705,Leaks and Water Damage,3280,,
2706,Pest Control,3867,,
2707,Door or Window Locks,4965,,
2708,Plumbing Issues,3434,,
2709,Appliance Repairs,2553,,
2710,Leaks and Water Damage,286,,
2711,Plumbing Issues,3861,,
2712,Plumbing Issues,695,,
2713,HVAC Repairs,3563,,
2714,HVAC Repairs,4829,,
2715,Plumbing Issues,3818,,
2716,HVAC Repairs,524,,
2717,Leaks and Water Damage,1222,,
2718,Leaks and Water Damage,3859,,
2719,Plumbing Issues,2366,,
2720,Door or Window Locks,2160,,
2721,HVAC Repairs,3660,,
2722,Door or Window Locks,3040,,
2723,Plumbing Issues,4519,,
2724,Routine Maintenance to Unit,2181,,
2725,HVAC Repairs,323,,
2726,HVAC Repairs,4096,,
2727,Door or Window Locks,3801,,
2728,Leaks and Water Damage,1037,,
2729,Door or Window Locks,2087,,
2730,Pest Control,2955,,
2731,Door or Window Locks,3228,,
2732,Door or Window Locks,860,,
2733,Door or Window Locks,120,,
2734,Door or Window Locks,4773,,
2735,Routine Maintenance to Unit,2565,,
2736,Leaks and Water Damage,3464,,
2737,Leaks and Water Damage,2277,,
2738,Leaks and Water Damage,1683,,
2739,HVAC Repairs,527,,
2740,HVAC Repairs,2119,,
2741,Routine Maintenance to Unit,423,,
2742,Plumbing Issues,1487,,
2743,Leaks and Water Damage,164,,
2744,Appliance Repairs,2048,,
2745,Appliance Repairs,1546,,
2746,Pest Control,1564,,
2747,Leaks and Water Damage,2504,,
2748,Plumbing Issues,2841,,
2749,Door or Window Locks,1881,,
2750,Routine Maintenance to Unit,2638,,
2751,Door or Window Locks,1394,,
2752,Routine Maintenance to Unit,3628,,
2753,Leaks and Water Damage,924,,
2754,Appliance Repairs,2391,,
2755,Door or Window Locks,1098,,
2756,Routine Maintenance to Unit,4359,,
2757,Leaks and Water Damage,4926,,
2758,Leaks and Water Damage,2325,,
2759,Leaks and Water Damage,4933,,
2760,HVAC Repairs,1401,,
2761,Plumbing Issues,2327,,
2762,Routine Maintenance to Unit,4834,,
2763,Plumbing Issues,1748,,
2764,Door or Window Locks,626,,
2765,Leaks and Water Damage,3777,,
2766,Door or Window Locks,205,,
2767,Leaks and Water Damage,4111,,
2768,HVAC Repairs,4151,,
2769,Leaks and Water Damage,4187,,
2770,HVAC Repairs,1113,,
2771,Pest Control,3621,,
2772,Plumbing Issues,2887,,
2773,Plumbing Issues,3366,,
2774,Plumbing Issues,4567,,
2775,Plumbing Issues,2201,,
2776,Pest Control,4380,,
2777,Appliance Repairs,454,,
2778,Door or Window Locks,3108,,
2779,Routine Maintenance to Unit,309,,
2780,Leaks and Water Damage,4450,,
2781,Pest Control,2992,,
2782,Plumbing Issues,4961,,
2783,Leaks and Water Damage,3146,,
2784,Routine Maintenance to Unit,2535,,
2785,Appliance Repairs,960,,
2786,Door or Window Locks,828,,
2787,Routine Maintenance to Unit,4965,,
2788,Door or Window Locks,1192,,
2789,Plumbing Issues,4066,,
2790,Routine Maintenance to Unit,4330,,
2791,Plumbing Issues,625,,
2792,Plumbing Issues,2108,,
2793,Appliance Repairs,3157,,
2794,HVAC Repairs,684,,
2795,Plumbing Issues,3990,,
2796,Pest Control,2320,,
2797,Door or Window Locks,2101,,
2798,HVAC Repairs,2746,,
2799,Plumbing Issues,2247,,
2800,Door or Window Locks,2015,,
2801,Pest Control,2660,,
2802,Leaks and Water Damage,4003,,
2803,Appliance Repairs,4524,,
2804,HVAC Repairs,4631,,
2805,Pest Control,3102,,
2806,Plumbing Issues,273,,
2807,Routine Maintenance to Unit,3901,,
2808,Appliance Repairs,1289,,
2809,Plumbing Issues,4466,,
2810,Appliance Repairs,3180,,
2811,Door or Window Locks,1607,,
2812,Routine Maintenance to Unit,3202,,
2813,Pest Control,2510,,
2814,Pest Control,3267,,
2815,Appliance Repairs,2076,,
2816,Routine Maintenance to Unit,2874,,
2817,Door or Window Locks,4844,,
2818,Appliance Repairs,1011,,
2819,Leaks and Water Damage,2200,,
2820,Appliance Repairs,4385,,
2821,HVAC Repairs,5041,,
2822,Pest Control,1098,,
2823,Leaks and Water Damage,3287,,
2824,Door or Window Locks,4540,,
2825,HVAC Repairs,232,,
2826,Plumbing Issues,1808,,
2827,Leaks and Water Damage,3601,,
2828,Leaks and Water Damage,4348,,
2829,Door or Window Locks,2092,,
2830,Routine Maintenance to Unit,860,,
2831,Door or Window Locks,3040,,
2832,Plumbing Issues,1698,,
2833,Door or Window Locks,3130,,
2834,HVAC Repairs,1542,,
2835,HVAC Repairs,2753,,
2836,Plumbing Issues,2172,,
2837,Routine Maintenance to Unit,2338,,
2838,Appliance Repairs,1708,,
2839,Routine Maintenance to Unit,683,,
2840,Door or Window Locks,3134,,
2841,Leaks and Water Damage,3461,,
2842,Routine Maintenance to Unit,602,,
2843,Plumbing Issues,3748,,
2844,Leaks and Water Damage,3578,,
2845,Door or Window Locks,628,,
2846,Pest Control,3651,,
2847,Routine Maintenance to Unit,3230,,
2848,Pest Control,2511,,
2849,Leaks and Water Damage,3066,,
2850,Pest Control,970,,
2851,HVAC Repairs,4465,,
2852,Plumbing Issues,4128,,
2853,Door or Window Locks,2578,,
2854,Pest Control,540,,
2855,HVAC Repairs,3011,,
2856,Routine Maintenance to Unit,4303,,
2857,HVAC Repairs,1691,,
2858,Door or Window Locks,3730,,
2859,HVAC Repairs,3350,,
2860,Leaks and Water Damage,2205,,
2861,Leaks and Water Damage,325,,
2862,Appliance Repairs,1571,,
2863,Door or Window Locks,552,,
2864,Door or Window Locks,2855,,
2865,Door or Window Locks,4041,,
2866,Appliance Repairs,1840,,
2867,Pest Control,2625,,
2868,HVAC Repairs,4362,,
2869,Routine Maintenance to Unit,3989,,
2870,Appliance Repairs,3308,,
2871,Plumbing Issues,3899,,
2872,Door or Window Locks,710,,
2873,Leaks and Water Damage,3406,,
2874,Routine Maintenance to Unit,4712,,
2875,HVAC Repairs,3739,,
2876,Routine Maintenance to Unit,4795,,
2877,Appliance Repairs,3892,,
2878,Appliance Repairs,4500,,
2879,Appliance Repairs,3145,,
2880,Routine Maintenance to Unit,1478,,
2881,Plumbing Issues,4406,,
2882,HVAC Repairs,2464,,
2883,Pest Control,2770,,
2884,Door or Window Locks,3868,,
2885,Routine Maintenance to Unit,1942,,
2886,Pest Control,480,,
2887,HVAC Repairs,2731,,
2888,Door or Window Locks,1436,,
2889,HVAC Repairs,2629,,
2890,HVAC Repairs,2240,,
2891,HVAC Repairs,2038,,
2892,Appliance Repairs,3193,,
2893,HVAC Repairs,405,,
2894,Leaks and Water Damage,3840,,
2895,Door or Window Locks,1627,,
2896,Pest Control,3926,,
2897,Routine Maintenance to Unit,4954,,
2898,Plumbing Issues,140,,
2899,HVAC Repairs,1687,,
2900,Leaks and Water Damage,2796,,
2901,Leaks and Water Damage,4527,,
2902,Pest Control,3379,,
2903,Door or Window Locks,4179,,
2904,Plumbing Issues,104,,
2905,Pest Control,4806,,
2906,Routine Maintenance to Unit,551,,
2907,Door or Window Locks,193,,
2908,Plumbing Issues,2599,,
2909,Door or Window Locks,318,,
2910,Door or Window Locks,4722,,
2911,Plumbing Issues,2277,,
2912,Pest Control,3861,,
2913,Appliance Repairs,3406,,
2914,Appliance Repairs,1192,,
2915,Leaks and Water Damage,2011,,
2916,Pest Control,404,,
2917,Pest Control,4865,,
2918,Door or Window Locks,449,,
2919,Door or Window Locks,637,,
2920,Routine Maintenance to Unit,4676,,
2921,Pest Control,4290,,
2922,Leaks and Water Damage,347,,
2923,Routine Maintenance to Unit,328,,
2924,Plumbing Issues,3217,,
2925,Routine Maintenance to Unit,4932,,
2926,Leaks and Water Damage,1370,,
2927,HVAC Repairs,1621,,
2928,Pest Control,1176,,
2929,Door or Window Locks,940,,
2930,Plumbing Issues,427,,
2931,Door or Window Locks,2446,,
2932,Plumbing Issues,2922,,
2933,Door or Window Locks,989,,
2934,Appliance Repairs,1666,,
2935,Routine Maintenance to Unit,342,,
2936,Leaks and Water Damage,2647,,
2937,Pest Control,4647,,
2938,Leaks and Water Damage,119,,
2939,Door or Window Locks,4286,,
2940,Leaks and Water Damage,1174,,
2941,Appliance Repairs,4989,,
2942,Door or Window Locks,2777,,
2943,Routine Maintenance to Unit,4180,,
2944,Door or Window Locks,809,,
2945,Appliance Repairs,2314,,
2946,Routine Maintenance to Unit,180,,
2947,Appliance Repairs,609,,
2948,Leaks and Water Damage,5064,,
2949,Leaks and Water Damage,1722,,
2950,Appliance Repairs,2118,,
2951,Plumbing Issues,2319,,
2952,Pest Control,2794,,
2953,Door or Window Locks,4759,,
2954,Door or Window Locks,3436,,
2955,Leaks and Water Damage,2943,,
2956,Plumbing Issues,1042,,
2957,Door or Window Locks,3333,,
2958,HVAC Repairs,4916,,
2959,Routine Maintenance to Unit,1688,,
2960,Plumbing Issues,2060,,
2961,Leaks and Water Damage,2407,,
2962,HVAC Repairs,3210,,
2963,HVAC Repairs,1234,,
2964,Leaks and Water Damage,738,,
2965,Plumbing Issues,3007,,
2966,Appliance Repairs,3466,,
2967,Routine Maintenance to Unit,3126,,
2968,Leaks and Water Damage,3061,,
2969,Door or Window Locks,888,,
2970,Door or Window Locks,2172,,
2971,Pest Control,2705,,
2972,HVAC Repairs,975,,
2973,Routine Maintenance to Unit,3186,,
2974,Door or Window Locks,2499,,
2975,Pest Control,3720,,
2976,Routine Maintenance to Unit,4955,,
2977,Appliance Repairs,3295,,
2978,Door or Window Locks,2774,,
2979,HVAC Repairs,4974,,
2980,Plumbing Issues,3150,,
2981,Routine Maintenance to Unit,4214,,
2982,Door or Window Locks,4875,,
2983,Plumbing Issues,376,,
2984,HVAC Repairs,3647,,
2985,Routine Maintenance to Unit,2905,,
2986,Pest Control,1833,,
2987,Leaks and Water Damage,298,,
2988,Leaks and Water Damage,1560,,
2989,Appliance Repairs,4018,,
2990,Door or Window Locks,3394,,
2991,Routine Maintenance to Unit,170,,
2992,Pest Control,558,,
2993,HVAC Repairs,4124,,
2994,Door or Window Locks,415,,
2995,Appliance Repairs,2493,,
2996,Routine Maintenance to Unit,1440,,
2997,HVAC Repairs,214,,
2998,Door or Window Locks,1854,,
2999,Plumbing Issues,3202,,